image_id,metadata_height,computed_trajectory_height,computed_height_difference,computed_height
177246630949005,8.9845381474104,5.35,2.0,3.35
291129559315209,8.6922714142427,14.948,2.0,12.948
